,age,address,Medu,Fedu,traveltime,studytime,failures,schoolsup,famsup,paid,activities,nursery,higher,internet,romantic,famrel,freetime,goout,Dalc,Walc,health,absences,G1,G2,G3,sex_F,sex_M,famsize_GT3,famsize_LE3,Pstatus_A,Pstatus_T,Mjob_at_home,Mjob_health,Mjob_other,Mjob_services,Mjob_teacher,Fjob_teacher,Fjob_other,Fjob_services,Fjob_health,Fjob_at_home,reason_course,reason_other,reason_home,reason_reputation,guardian_mother,guardian_father,guardian_other
0,18,1,4,4,2,2,0,1,0,0,0,1,1,0,0,4,3,4,1,1,3,6,5,6,6,True,False,True,False,True,False,True,False,False,False,False,True,False,False,False,False,True,False,False,False,True,False,False
1,17,1,1,1,1,2,0,0,1,0,0,0,1,1,0,5,3,3,1,1,3,4,5,5,6,True,False,True,False,False,True,True,False,False,False,False,False,True,False,False,False,True,False,False,False,False,True,False
2,15,1,1,1,1,2,3,1,0,1,0,1,1,1,0,4,3,2,2,3,3,10,7,8,10,True,False,False,True,False,True,True,False,False,False,False,False,True,False,False,False,False,True,False,False,True,False,False
3,15,1,4,2,1,3,0,0,1,1,1,1,1,1,1,3,2,2,1,1,5,2,15,14,15,True,False,True,False,False,True,False,True,False,False,False,False,False,True,False,False,False,False,True,False,True,False,False
4,16,1,3,3,1,2,0,0,1,1,0,1,1,0,0,4,3,2,1,2,5,4,6,10,10,True,False,True,False,False,True,False,False,True,False,False,False,True,False,False,False,False,False,True,False,False,True,False
5,16,1,4,3,1,2,0,0,1,1,1,1,1,1,0,5,4,2,1,2,5,10,15,15,15,False,True,False,True,False,True,False,False,False,True,False,False,True,False,False,False,False,False,False,True,True,False,False
6,16,1,2,2,1,2,0,0,0,0,0,1,1,1,0,4,4,4,1,1,3,0,12,12,11,False,True,False,True,False,True,False,False,True,False,False,False,True,False,False,False,False,False,True,False,True,False,False
7,17,1,4,4,2,2,0,1,1,0,0,1,1,0,0,4,1,4,1,1,1,6,6,5,6,True,False,True,False,True,False,False,False,True,False,False,True,False,False,False,False,False,False,True,False,True,False,False
8,15,1,3,2,1,2,0,0,1,1,0,1,1,1,0,4,2,2,1,1,1,0,16,18,19,False,True,False,True,True,False,False,False,False,True,False,False,True,False,False,False,False,False,True,False,True,False,False
9,15,1,3,4,1,2,0,0,1,1,1,1,1,1,0,5,5,1,1,1,5,0,14,15,15,False,True,True,False,False,True,False,False,True,False,False,False,True,False,False,False,False,False,True,False,True,False,False
10,15,1,4,4,1,2,0,0,1,1,0,1,1,1,0,3,3,3,1,2,2,0,10,8,9,True,False,True,False,False,True,False,False,False,False,True,False,False,False,True,False,False,False,False,True,True,False,False
11,15,1,2,1,3,3,0,0,1,0,1,1,1,1,0,5,2,2,1,1,4,4,10,12,12,True,False,True,False,False,True,False,False,False,True,False,False,True,False,False,False,False,False,False,True,False,True,False
12,15,1,4,4,1,1,0,0,1,1,1,1,1,1,0,4,3,3,1,3,5,2,14,14,14,False,True,False,True,False,True,False,True,False,False,False,False,False,True,False,False,True,False,False,False,False,True,False
13,15,1,4,3,2,2,0,0,1,1,0,1,1,1,0,5,4,3,1,2,3,2,10,10,11,False,True,True,False,False,True,False,False,False,False,True,False,True,False,False,False,True,False,False,False,True,False,False
14,15,1,2,2,1,3,0,0,1,0,0,1,1,1,1,4,5,2,1,1,3,0,14,16,16,False,True,True,False,True,False,False,False,True,False,False,False,True,False,False,False,False,False,True,False,False,False,True
15,16,1,4,4,1,1,0,0,1,0,0,1,1,1,0,4,4,4,1,2,2,4,14,14,14,True,False,True,False,False,True,False,True,False,False,False,False,True,False,False,False,False,False,True,False,True,False,False
16,16,1,4,4,1,3,0,0,1,1,1,1,1,1,0,3,2,3,1,2,2,6,13,14,14,True,False,True,False,False,True,False,False,False,True,False,False,False,True,False,False,False,False,False,True,True,False,False
17,16,1,3,3,3,2,0,1,1,0,1,1,1,0,0,5,3,2,1,1,4,4,8,10,10,True,False,True,False,False,True,False,False,True,False,False,False,True,False,False,False,False,False,False,True,True,False,False
18,17,1,3,2,1,1,3,0,1,0,1,1,1,1,0,5,5,5,2,4,5,16,6,5,5,False,True,True,False,False,True,False,False,False,True,False,False,False,True,False,False,True,False,False,False,True,False,False
19,16,1,4,3,1,1,0,0,0,1,1,1,1,1,0,3,1,3,1,3,5,4,8,10,10,False,True,False,True,False,True,False,True,False,False,False,False,True,False,False,False,False,False,True,False,False,True,False
20,15,1,4,3,1,2,0,0,0,0,0,1,1,1,0,4,4,1,1,1,1,0,13,14,15,False,True,True,False,False,True,False,False,False,False,True,False,True,False,False,False,False,False,False,True,True,False,False
21,15,1,4,4,1,1,0,0,1,1,0,1,1,1,0,5,4,2,1,1,5,0,12,15,15,False,True,True,False,False,True,False,True,False,False,False,False,False,False,True,False,False,True,False,False,False,True,False
22,16,1,4,2,1,2,0,0,0,0,1,1,1,1,0,4,5,1,1,3,5,2,15,15,16,False,True,False,True,False,True,False,False,False,False,True,False,True,False,False,False,True,False,False,False,True,False,False
23,16,1,2,2,2,2,0,0,1,0,1,1,1,1,0,5,4,4,2,4,5,0,13,13,12,False,True,False,True,False,True,False,False,True,False,False,False,True,False,False,False,False,False,False,True,True,False,False
24,15,0,2,4,1,3,0,1,1,1,1,1,1,1,0,4,3,2,1,1,5,2,10,9,8,True,False,True,False,False,True,False,False,False,True,False,False,False,False,True,False,True,False,False,False,True,False,False
25,16,1,2,2,1,1,2,0,1,1,0,0,1,1,0,1,2,2,1,3,5,14,6,9,8,True,False,True,False,False,True,False,False,False,True,False,False,False,True,False,False,False,False,True,False,True,False,False
26,15,1,2,2,1,1,0,0,1,1,0,1,1,1,0,4,2,2,1,2,5,2,12,12,11,False,True,True,False,False,True,False,False,True,False,False,False,True,False,False,False,False,False,True,False,True,False,False
27,15,1,4,2,1,1,0,0,0,1,0,1,1,1,0,2,2,4,2,4,1,4,15,16,15,False,True,True,False,False,True,False,True,False,False,False,False,False,True,False,False,False,True,False,False,True,False,False
28,16,1,3,4,1,2,0,1,1,0,1,1,1,1,0,5,3,3,1,1,5,4,11,11,11,False,True,False,True,True,False,False,False,False,True,False,False,True,False,False,False,False,False,True,False,True,False,False
29,16,1,4,4,1,2,0,0,1,1,1,1,1,1,1,4,4,5,5,5,5,16,10,12,11,False,True,True,False,False,True,False,False,False,False,True,True,False,False,False,False,False,False,True,False,True,False,False
30,15,1,4,4,1,2,0,0,1,1,0,0,1,1,0,5,4,2,3,4,5,0,9,11,12,False,True,True,False,False,True,False,True,False,False,False,False,False,True,False,False,False,False,True,False,True,False,False
31,15,1,4,4,2,2,0,0,1,0,1,1,1,1,0,4,3,1,1,1,5,0,17,16,17,False,True,True,False,False,True,False,False,False,True,False,False,False,True,False,False,False,False,False,True,True,False,False
32,15,0,4,3,1,2,0,0,1,0,1,1,1,1,1,4,5,2,1,1,5,0,17,16,16,False,True,True,False,False,True,False,False,False,False,True,False,False,False,False,True,True,False,False,False,True,False,False
33,15,1,3,3,1,2,0,0,0,0,1,0,1,1,0,5,3,2,1,1,2,0,8,10,12,False,True,False,True,False,True,False,False,True,False,False,False,True,False,False,False,True,False,False,False,True,False,False
34,16,1,3,2,1,1,0,0,1,1,0,0,1,1,0,5,4,3,1,1,5,0,12,14,15,False,True,True,False,False,True,False,False,True,False,False,False,True,False,False,False,False,False,True,False,True,False,False
35,15,1,2,3,2,1,0,0,1,0,1,1,1,0,0,3,5,1,1,1,5,0,8,7,6,True,False,True,False,False,True,False,False,True,False,False,False,True,False,False,False,False,True,False,False,False,True,False
36,15,1,4,3,1,3,0,0,1,0,1,1,1,1,0,5,4,3,1,1,4,2,15,16,18,False,True,False,True,False,True,False,False,False,False,True,False,False,True,False,False,False,False,True,False,True,False,False
37,16,0,4,4,2,3,0,0,1,0,1,1,1,1,1,2,4,3,1,1,5,7,15,16,15,False,True,True,False,True,False,False,False,True,False,False,True,False,False,False,False,False,False,False,True,True,False,False
38,15,0,3,4,1,3,0,1,1,1,1,1,1,1,0,4,3,2,1,1,5,2,12,12,11,True,False,True,False,False,True,False,False,False,True,False,False,False,False,True,False,True,False,False,False,True,False,False
39,15,0,2,2,1,1,0,1,1,1,1,1,1,0,0,4,3,1,1,1,2,8,14,13,13,True,False,True,False,False,True,True,False,False,False,False,False,True,False,False,False,False,False,False,True,True,False,False
40,16,1,2,2,2,2,1,0,1,0,1,0,1,1,1,3,3,3,1,2,3,25,7,10,11,True,False,False,True,False,True,False,False,True,False,False,False,True,False,False,False,False,False,True,False,True,False,False
41,15,1,4,4,1,1,0,0,1,0,0,0,1,1,1,5,4,3,2,4,5,8,12,12,12,False,True,False,True,False,True,False,False,False,False,True,False,True,False,False,False,False,False,True,False,False,False,True
42,15,1,4,4,1,2,0,0,1,0,1,1,1,1,0,4,3,3,1,1,5,2,19,18,18,False,True,True,False,False,True,False,False,False,True,False,True,False,False,False,False,True,False,False,False,False,True,False
43,15,1,2,2,1,1,0,1,1,0,0,1,1,1,0,5,4,1,1,1,1,0,8,8,11,False,True,True,False,False,True,False,False,False,True,False,False,False,True,False,False,True,False,False,False,False,True,False
44,16,1,2,2,2,2,1,1,0,0,1,1,1,1,0,4,3,3,2,2,5,14,10,10,9,True,False,False,True,False,True,False,False,True,False,False,False,False,False,False,True,True,False,False,False,False,True,False
45,15,1,4,3,1,2,0,1,1,1,1,1,1,1,1,5,2,2,1,1,5,8,8,8,6,True,False,False,True,True,False,False,False,True,False,False,False,True,False,False,False,True,False,False,False,True,False,False
46,16,1,3,3,1,2,0,0,1,0,0,1,1,1,0,2,3,5,1,4,3,12,11,12,11,True,False,False,True,True,False,False,False,True,False,False,False,False,True,False,False,False,False,True,False,True,False,False
47,16,1,4,3,1,4,0,0,0,0,1,1,1,1,0,4,2,2,1,1,2,4,19,19,20,False,True,True,False,False,True,False,True,False,False,False,False,False,True,False,False,False,False,False,True,True,False,False
48,15,1,4,2,1,2,0,0,1,1,0,1,1,0,0,4,3,3,2,2,5,2,15,15,14,False,True,True,False,False,True,False,False,False,False,True,False,True,False,False,False,False,False,True,False,True,False,False
49,15,1,4,4,1,2,1,1,1,0,1,0,1,1,0,4,4,4,1,1,3,2,7,7,7,True,False,True,False,False,True,False,False,False,True,False,True,False,False,False,False,False,True,False,False,False,True,False
50,16,1,2,2,3,2,0,0,1,1,0,1,1,1,0,4,3,3,2,3,4,2,12,13,13,True,False,False,True,False,True,False,False,False,True,False,False,False,True,False,False,True,False,False,False,True,False,False
51,15,1,4,2,1,2,0,0,1,1,0,1,1,1,0,4,3,3,1,1,5,2,11,13,13,True,False,False,True,False,True,False,True,False,False,False,False,True,False,False,False,False,True,False,False,True,False,False
52,15,1,4,2,2,1,1,0,0,0,0,1,1,0,0,5,5,5,3,4,5,6,11,11,10,False,True,False,True,True,False,False,True,False,False,False,False,False,False,True,False,False,True,False,False,False,True,False
53,15,1,4,4,1,1,0,1,1,1,0,1,1,1,0,3,3,4,2,3,5,0,8,10,11,True,False,True,False,False,True,False,False,False,True,False,False,False,True,False,False,True,False,False,False,True,False,False
54,15,1,3,3,1,1,0,0,0,1,0,1,1,1,0,5,3,4,4,4,1,6,10,13,13,True,False,False,True,True,False,False,False,True,False,False,False,True,False,False,False,False,True,False,False,True,False,False
55,16,1,2,1,1,2,0,0,0,1,1,1,1,1,1,5,3,4,1,1,2,8,8,9,10,True,False,True,False,True,False,False,False,True,False,False,False,True,False,False,False,False,True,False,False,True,False,False
56,15,1,4,3,1,2,0,0,1,1,1,1,1,1,0,4,3,2,1,1,1,0,14,15,15,True,False,True,False,True,False,False,False,False,True,False,False,False,True,False,False,False,False,False,True,True,False,False
57,15,1,4,4,1,2,0,0,1,0,1,1,1,0,0,3,2,2,1,1,5,4,14,15,15,False,True,True,False,False,True,False,False,False,False,True,False,False,False,True,False,False,False,False,True,True,False,False
58,15,1,1,2,1,2,0,1,1,0,1,1,1,1,0,4,3,2,1,1,5,2,9,10,9,False,True,False,True,False,True,False,False,True,False,False,False,False,False,False,True,False,False,True,False,False,True,False
59,16,1,4,2,1,2,0,0,1,0,0,1,1,1,0,4,2,3,1,1,5,2,15,16,16,True,False,True,False,False,True,False,False,False,True,False,False,True,False,False,False,True,False,False,False,True,False,False
60,16,0,4,4,1,2,0,0,1,0,1,1,1,0,0,2,4,4,2,3,4,6,10,11,11,True,False,True,False,False,True,False,True,False,False,False,True,False,False,False,False,False,True,False,False,True,False,False
61,16,1,1,1,4,1,0,1,1,0,1,0,1,1,1,5,5,5,5,5,5,6,10,8,11,True,False,True,False,False,True,False,False,False,True,False,False,False,True,False,False,True,False,False,False,False,True,False
62,16,1,1,2,1,2,0,1,0,0,1,1,1,1,0,4,4,3,1,1,1,4,8,10,9,True,False,False,True,False,True,False,False,True,False,False,False,False,True,False,False,False,False,False,True,False,True,False
63,16,1,4,3,1,3,0,1,1,1,1,1,1,1,0,3,4,4,2,4,4,2,10,9,9,True,False,True,False,False,True,False,False,False,False,True,False,False,False,True,False,False,False,True,False,True,False,False
64,15,1,4,3,1,2,0,1,0,0,1,1,1,1,1,4,4,4,2,4,2,0,10,10,10,True,False,False,True,False,True,False,False,False,True,False,False,False,True,False,False,False,False,False,True,False,True,False
65,16,1,4,3,3,2,0,0,1,0,1,1,1,1,0,5,4,3,1,2,1,2,16,15,15,True,False,False,True,False,True,False,False,False,False,True,False,False,True,False,False,True,False,False,False,True,False,False
66,15,1,4,4,1,4,0,0,1,0,1,0,1,1,1,1,3,3,5,5,3,4,13,13,12,False,True,True,False,True,False,False,False,True,False,False,False,False,True,False,False,False,False,False,True,True,False,False
67,16,1,3,1,1,4,0,1,1,1,0,1,1,1,0,4,3,3,1,2,5,4,7,7,6,True,False,True,False,False,True,False,False,False,True,False,False,True,False,False,False,True,False,False,False,True,False,False
68,15,0,2,2,2,2,0,1,1,1,0,1,1,1,0,4,1,3,1,3,4,2,8,9,8,True,False,False,True,False,True,False,True,False,False,False,False,False,True,False,False,False,False,False,True,True,False,False
69,15,0,3,1,2,4,0,0,1,0,0,0,1,1,0,4,4,2,2,3,3,12,16,16,16,True,False,False,True,False,True,False,False,True,False,False,False,True,False,False,False,False,False,False,True,False,True,False
70,16,1,3,1,2,4,0,0,1,1,0,1,1,1,0,4,3,2,1,1,5,0,13,15,15,False,True,True,False,False,True,False,False,True,False,False,False,True,False,False,False,False,False,False,True,False,True,False
71,15,1,4,2,1,4,0,0,0,0,0,1,1,1,0,3,3,3,1,1,3,0,10,10,10,False,True,True,False,False,True,False,False,True,False,False,False,True,False,False,False,True,False,False,False,True,False,False
72,15,0,1,1,1,2,2,1,1,0,0,0,1,1,1,3,3,4,2,4,5,2,8,6,5,True,False,True,False,False,True,False,False,True,False,False,False,True,False,False,False,False,False,False,True,True,False,False
73,16,1,3,1,1,1,0,0,0,0,1,1,1,0,0,5,3,2,2,2,5,2,12,12,14,False,True,True,False,False,True,False,False,True,False,False,False,True,False,False,False,False,False,False,True,True,False,False
74,16,1,3,3,1,2,0,1,1,1,1,1,1,1,0,4,3,3,2,4,5,54,11,12,11,True,False,True,False,False,True,False,False,True,False,False,False,False,True,False,False,False,False,True,False,True,False,False
75,15,1,4,3,1,2,0,0,1,1,1,1,1,1,0,4,3,3,2,3,5,6,9,9,10,False,True,True,False,False,True,False,False,False,False,True,False,True,False,False,False,False,False,True,False,True,False,False
76,15,1,4,0,2,4,0,0,0,0,1,1,1,1,0,3,4,3,1,1,1,8,11,11,10,False,True,True,False,False,True,False,False,False,False,True,False,True,False,False,False,True,False,False,False,True,False,False
77,16,1,2,2,1,4,0,0,0,1,0,1,1,1,1,5,2,3,1,3,3,0,11,11,11,True,False,True,False,False,True,False,False,True,False,False,False,True,False,False,False,False,False,False,True,True,False,False
78,17,1,2,1,2,1,3,1,1,0,1,1,0,1,0,4,5,1,1,1,3,2,8,8,10,False,True,True,False,False,True,False,False,True,False,False,False,True,False,False,False,False,False,True,False,True,False,False
79,16,1,3,4,1,2,0,0,1,0,0,1,1,1,0,2,4,3,1,2,3,12,5,5,5,True,False,True,False,False,True,True,False,False,False,False,False,True,False,False,False,True,False,False,False,True,False,False
80,15,1,2,3,1,1,0,1,1,1,1,0,1,1,1,3,2,2,1,3,3,2,10,12,12,False,True,True,False,False,True,False,False,True,False,False,False,False,True,False,False,True,False,False,False,False,True,False
81,15,1,2,3,1,3,0,1,0,1,0,0,1,1,0,5,3,2,1,2,5,4,11,10,11,False,True,True,False,False,True,False,False,True,False,False,False,True,False,False,False,False,False,True,False,True,False,False
82,15,1,3,2,1,2,0,0,1,1,0,1,1,1,0,4,4,4,1,1,5,10,7,6,6,True,False,False,True,False,True,False,False,False,True,False,False,True,False,False,False,False,False,False,True,True,False,False
83,15,1,2,2,2,2,0,0,0,1,1,1,1,1,0,5,3,3,1,3,4,4,15,15,15,False,True,False,True,False,True,False,False,False,True,False,False,False,True,False,False,False,False,True,False,True,False,False
84,15,1,1,1,1,2,0,0,1,0,1,0,1,1,0,4,3,2,2,3,4,2,9,10,10,True,False,True,False,False,True,False,False,True,False,False,False,True,False,False,False,False,False,True,False,False,True,False
85,15,1,4,4,2,2,2,0,0,1,0,1,1,1,1,4,4,4,2,3,5,6,7,9,8,True,False,True,False,False,True,False,False,False,True,False,False,False,True,False,False,False,False,False,True,False,True,False
86,16,1,2,2,1,2,0,0,1,0,0,1,1,0,0,4,3,4,1,2,2,4,8,7,6,True,False,False,True,False,True,True,False,False,False,False,False,True,False,False,False,True,False,False,False,True,False,False
87,15,1,4,2,1,3,0,0,1,0,1,1,1,1,0,5,3,3,1,3,1,4,13,14,14,True,False,True,False,False,True,False,False,True,False,False,False,True,False,False,False,False,False,False,True,True,False,False
88,16,1,2,2,2,2,1,0,0,1,1,0,1,1,0,4,4,2,1,1,3,12,11,10,10,False,True,True,False,False,True,False,False,False,True,False,False,True,False,False,False,False,False,False,True,False,True,False
89,16,1,4,4,1,2,0,0,1,0,0,1,1,0,0,4,1,3,3,5,5,18,8,6,7,False,True,False,True,True,False,False,False,False,False,True,False,False,False,True,False,False,False,False,True,True,False,False
90,16,1,3,3,1,3,0,0,1,1,0,1,1,1,1,4,3,3,1,3,4,0,7,7,8,True,False,True,False,False,True,False,False,True,False,False,False,True,False,False,False,False,False,True,False,True,False,False
91,15,1,4,3,1,1,0,0,0,1,1,1,1,1,0,4,5,5,1,3,1,4,16,17,18,True,False,True,False,False,True,False,False,False,True,False,False,True,False,False,False,False,False,False,True,True,False,False
92,16,1,3,1,1,2,0,1,1,0,0,1,1,0,0,3,3,3,2,3,2,4,7,6,6,True,False,False,True,False,True,False,False,True,False,False,False,True,False,False,False,False,False,True,False,False,True,False
93,16,1,4,2,2,2,0,0,1,1,1,1,1,1,0,5,3,3,1,1,1,0,11,10,10,True,False,True,False,False,True,False,False,False,False,True,False,False,True,False,False,False,False,True,False,True,False,False
94,15,1,2,2,1,4,0,0,1,0,1,1,1,1,0,4,3,4,1,1,4,6,11,13,14,False,True,False,True,False,True,False,False,False,True,False,False,False,False,True,False,False,False,False,True,True,False,False
95,15,0,1,1,2,4,1,1,1,1,1,1,1,1,0,3,1,2,1,1,1,2,7,10,10,True,False,True,False,False,True,True,False,False,False,False,False,True,False,False,False,False,False,True,False,True,False,False
96,16,0,4,3,2,1,0,1,1,0,1,0,1,1,0,3,3,3,1,1,4,2,11,15,15,False,True,True,False,False,True,False,False,False,True,False,False,True,False,False,False,False,False,False,True,True,False,False
97,16,1,2,1,1,2,0,0,1,1,0,1,1,0,1,4,3,5,1,1,5,2,8,9,10,True,False,True,False,False,True,False,False,True,False,False,False,True,False,False,False,True,False,False,False,True,False,False
98,16,1,4,4,1,1,0,0,0,0,1,0,1,1,0,5,3,4,1,2,1,6,11,14,14,True,False,True,False,False,True,False,False,True,False,False,False,True,False,False,False,False,False,False,True,True,False,False
99,16,1,4,3,1,3,0,1,1,1,0,1,1,1,0,5,3,5,1,1,3,0,7,9,8,True,False,True,False,False,True,False,False,True,False,False,False,False,False,False,True,True,False,False,False,True,False,False
100,16,1,4,4,1,1,0,1,1,1,1,1,1,1,0,4,5,5,5,5,4,14,7,7,5,False,True,True,False,False,True,False,False,False,True,False,False,False,True,False,False,False,True,False,False,True,False,False
101,16,1,4,4,1,3,0,0,1,0,1,1,1,1,1,4,4,3,1,1,4,0,16,17,17,False,True,True,False,False,True,False,False,False,True,False,True,False,False,False,False,False,True,False,False,False,True,False
102,15,1,4,4,1,1,0,0,1,0,1,0,1,1,0,5,3,3,1,1,5,4,10,13,14,False,True,True,False,False,True,False,False,False,True,False,False,True,False,False,False,True,False,False,False,True,False,False
103,15,1,3,2,2,2,0,1,1,1,0,1,1,1,0,4,3,5,1,1,2,26,7,6,6,True,False,True,False,False,True,False,False,False,True,False,False,True,False,False,False,False,False,True,False,True,False,False
104,15,1,3,4,1,2,0,0,1,1,1,1,1,1,0,5,4,4,1,1,1,0,16,18,18,False,True,True,False,True,False,False,False,False,True,False,False,True,False,False,False,True,False,False,False,True,False,False
105,15,1,3,3,1,4,0,1,0,0,0,1,1,0,0,4,3,3,1,1,4,10,10,11,11,True,False,True,False,True,False,False,False,True,False,False,False,False,False,True,False,False,False,False,True,False,True,False
106,15,1,2,2,1,4,0,1,1,1,0,1,1,1,0,5,1,2,1,1,3,8,7,8,8,True,False,True,False,False,True,False,False,True,False,False,False,True,False,False,False,True,False,False,False,True,False,False
107,16,1,3,3,1,3,0,0,1,0,1,1,1,1,0,5,3,3,1,1,5,2,16,18,18,False,True,True,False,False,True,False,False,False,True,False,False,True,False,False,False,False,False,True,False,False,True,False
108,15,0,4,4,4,4,0,0,1,1,1,1,1,1,1,1,3,5,3,5,1,6,10,13,13,False,True,True,False,False,True,False,False,True,False,False,False,True,False,False,False,False,False,True,False,False,True,False
109,16,1,4,4,1,3,0,0,1,1,1,1,1,1,1,5,4,5,1,1,4,4,14,15,16,True,False,False,True,False,True,False,True,False,False,False,False,False,False,True,False,False,True,False,False,True,False,False
110,15,1,4,4,1,1,0,0,0,0,1,1,1,1,0,5,5,3,1,1,4,6,18,19,19,False,True,False,True,True,False,False,False,False,False,True,True,False,False,False,False,True,False,False,False,True,False,False
111,16,0,3,3,1,3,1,1,1,0,1,1,1,1,0,4,1,2,1,1,2,0,7,10,10,True,False,True,False,False,True,False,False,False,True,False,False,True,False,False,False,False,False,False,True,False,True,False
112,16,1,2,2,1,2,1,1,0,0,1,1,1,1,0,3,1,2,1,1,5,6,10,13,13,True,False,True,False,False,True,True,False,False,False,False,False,True,False,False,False,False,False,True,False,True,False,False
113,15,1,4,2,1,1,0,0,0,0,0,1,1,1,0,3,5,2,1,1,3,10,18,19,19,False,True,False,True,False,True,False,False,False,False,True,False,True,False,False,False,True,False,False,False,True,False,False
114,15,0,2,1,1,2,0,0,0,0,1,1,1,1,1,5,4,2,1,1,5,8,9,9,9,False,True,True,False,False,True,False,True,False,False,False,False,False,True,False,False,False,False,False,True,True,False,False
115,16,1,4,4,1,2,0,0,1,0,1,1,1,1,0,5,4,4,1,2,5,2,15,15,16,False,True,True,False,False,True,False,False,False,False,True,True,False,False,False,False,True,False,False,False,False,True,False
116,15,1,4,4,2,2,0,0,1,0,1,1,1,0,0,4,4,3,1,1,2,2,11,13,14,False,True,True,False,False,True,False,False,True,False,False,True,False,False,False,False,False,False,False,True,False,True,False
117,16,1,3,3,2,1,0,0,0,0,1,1,1,1,0,5,4,2,1,1,5,0,13,14,13,False,True,True,False,False,True,False,False,True,False,False,False,False,True,False,False,False,False,True,False,False,True,False
118,17,0,1,3,3,2,1,0,1,0,1,1,1,1,0,5,2,4,1,4,5,20,9,7,8,False,True,True,False,False,True,False,False,True,False,False,False,True,False,False,False,True,False,False,False,False,True,False
119,15,1,3,4,1,1,0,0,0,0,0,1,1,1,0,3,4,3,1,2,4,6,14,13,13,False,True,True,False,False,True,False,False,True,False,False,False,True,False,False,False,False,False,False,True,False,True,False
120,15,1,1,2,1,2,0,0,0,0,0,0,1,1,0,3,2,3,1,2,1,2,16,15,15,True,False,True,False,False,True,True,False,False,False,False,False,False,True,False,False,True,False,False,False,True,False,False
121,15,1,2,2,1,4,0,0,1,1,1,1,1,1,0,5,5,4,1,2,5,6,16,14,15,False,True,True,False,False,True,False,False,False,True,False,False,False,True,False,False,False,False,True,False,False,True,False
122,16,1,2,4,2,2,0,0,1,1,1,1,1,1,1,4,2,2,1,2,5,2,13,13,13,True,False,False,True,False,True,False,False,True,False,False,False,False,False,True,False,True,False,False,False,False,True,False
123,16,1,4,4,1,1,0,0,1,0,1,1,1,1,0,3,4,4,1,4,5,18,14,11,13,False,True,True,False,False,True,False,True,False,False,False,False,True,False,False,False,True,False,False,False,True,False,False
124,16,1,2,2,1,2,0,0,0,1,0,1,1,1,1,5,4,4,1,1,5,0,8,7,8,True,False,True,False,False,True,False,False,True,False,False,False,True,False,False,False,False,False,True,False,True,False,False
125,15,1,3,4,1,1,0,1,0,0,0,1,1,1,0,5,5,5,3,2,5,0,13,13,12,False,True,True,False,False,True,False,False,False,True,False,False,False,True,False,False,False,False,True,False,False,True,False
126,15,1,3,4,1,2,0,1,0,0,1,1,1,1,1,5,3,2,1,1,1,0,7,10,11,True,False,False,True,True,False,False,False,True,False,False,False,True,False,False,False,False,False,True,False,True,False,False
127,19,1,0,1,1,2,3,0,1,0,0,0,0,0,0,3,4,2,1,1,5,2,7,8,9,True,False,True,False,False,True,True,False,False,False,False,False,True,False,False,False,True,False,False,False,False,False,True
128,18,0,2,2,1,1,2,0,1,0,1,1,1,1,0,3,3,3,1,2,4,0,7,4,0,False,True,True,False,False,True,False,False,False,True,False,False,True,False,False,False,False,False,False,True,True,False,False
129,16,0,4,4,1,1,0,0,0,1,1,1,1,1,0,3,5,5,2,5,4,8,18,18,18,False,True,True,False,False,True,False,False,False,False,True,True,False,False,False,False,True,False,False,False,True,False,False
130,15,0,3,4,2,3,2,0,1,0,0,1,1,1,1,4,2,2,2,2,5,0,12,0,0,True,False,True,False,False,True,False,False,False,True,False,True,False,False,False,False,True,False,False,False,False,True,False
131,15,1,1,1,3,1,0,0,1,0,1,0,1,1,1,4,3,3,1,2,4,0,8,0,0,True,False,True,False,False,True,True,False,False,False,False,False,True,False,False,False,True,False,False,False,True,False,False
132,17,1,2,2,1,1,0,0,1,0,0,1,1,1,1,3,4,4,1,3,5,12,10,13,12,True,False,False,True,False,True,False,False,True,False,False,False,True,False,False,False,True,False,False,False,False,True,False
133,16,1,3,4,1,1,0,0,0,0,0,1,1,1,0,3,2,1,1,4,5,16,12,11,11,True,False,True,False,True,False,False,False,False,True,False,False,True,False,False,False,True,False,False,False,False,True,False
134,15,0,3,4,4,2,0,0,1,0,0,1,1,0,1,5,3,3,1,1,5,0,9,0,0,False,True,True,False,False,True,True,False,False,False,False,True,False,False,False,False,True,False,False,False,True,False,False
135,15,1,4,4,1,3,0,0,1,0,1,1,1,1,1,4,3,3,1,1,5,0,11,0,0,True,False,True,False,False,True,False,False,False,True,False,False,False,False,False,True,True,False,False,False,True,False,False
136,17,0,3,4,3,2,0,0,0,0,0,1,1,0,0,5,4,5,2,4,5,0,10,0,0,False,True,True,False,False,True,True,False,False,False,False,False,True,False,False,False,True,False,False,False,True,False,False
137,16,1,3,3,2,1,2,0,1,0,1,0,1,1,1,4,3,2,1,1,5,0,4,0,0,True,False,True,False,True,False,False,False,True,False,False,False,True,False,False,False,True,False,False,False,False,False,True
138,16,1,1,1,1,2,1,0,0,0,0,1,1,0,1,4,4,4,1,3,5,0,14,12,12,False,True,False,True,False,True,False,False,False,True,False,False,True,False,False,False,True,False,False,False,True,False,False
139,15,1,4,4,2,1,0,0,0,0,1,1,1,1,0,4,3,2,1,1,5,0,16,16,15,True,False,True,False,False,True,False,False,False,False,True,True,False,False,False,False,True,False,False,False,True,False,False
140,15,1,4,3,2,4,0,1,1,0,0,1,1,1,0,2,2,2,1,1,3,0,7,9,0,False,True,True,False,False,True,False,False,False,False,True,False,False,True,False,False,True,False,False,False,False,True,False
141,16,1,2,2,2,1,2,0,1,0,1,1,1,1,0,2,3,3,2,2,2,8,9,9,9,False,True,False,True,False,True,False,False,False,True,False,False,False,True,False,False,False,False,False,True,False,True,False
142,15,1,4,4,1,3,0,0,1,1,1,1,1,1,0,4,2,2,1,1,5,2,9,11,11,True,False,True,False,False,True,False,False,False,False,True,False,False,True,False,False,True,False,False,False,True,False,False
143,16,1,1,1,1,1,0,0,0,0,0,1,1,1,0,3,4,4,3,3,1,2,14,14,13,True,False,False,True,False,True,True,False,False,False,False,False,False,False,False,True,True,False,False,False,True,False,False
144,17,1,2,1,1,1,3,0,1,0,0,1,1,1,0,5,4,5,1,2,5,0,5,0,0,False,True,True,False,False,True,False,False,True,False,False,False,True,False,False,False,False,False,True,False,True,False,False
145,15,1,1,1,1,2,0,0,1,1,0,1,1,1,0,4,4,2,1,2,5,0,8,11,11,True,False,True,False,False,True,False,False,True,False,False,False,False,True,False,False,True,False,False,False,False,True,False
146,15,1,3,2,1,2,3,0,1,0,0,1,1,1,0,3,3,2,1,1,3,0,6,7,0,True,False,True,False,False,True,False,True,False,False,False,False,False,True,False,False,False,False,True,False,False,True,False
147,15,1,1,2,1,2,0,0,1,1,0,0,1,1,0,4,3,2,1,1,5,2,10,11,11,True,False,True,False,False,True,True,False,False,False,False,False,True,False,False,False,True,False,False,False,True,False,False
148,16,1,4,4,1,1,0,0,1,0,0,1,0,1,1,3,3,2,2,1,5,0,7,6,0,False,True,True,False,False,True,False,False,False,False,True,True,False,False,False,False,True,False,False,False,True,False,False
149,15,1,2,1,4,1,3,0,0,0,0,1,1,1,0,4,5,5,2,5,5,0,8,9,10,False,True,False,True,True,False,False,False,False,True,False,False,True,False,False,False,True,False,False,False,True,False,False
150,18,1,1,1,1,1,3,0,0,0,0,1,0,1,1,2,3,5,2,5,4,0,6,5,0,False,True,False,True,False,True,False,False,True,False,False,False,True,False,False,False,True,False,False,False,True,False,False
151,16,1,2,1,1,1,1,0,0,0,1,1,1,0,1,4,4,4,3,5,5,6,12,13,14,False,True,False,True,False,True,True,False,False,False,False,False,True,False,False,False,True,False,False,False,True,False,False
152,15,0,3,3,2,3,2,0,1,1,1,1,1,1,1,4,2,1,2,3,3,8,10,10,10,True,False,True,False,False,True,False,False,False,True,False,False,False,True,False,False,False,False,False,True,False,False,True
153,19,1,3,2,1,1,3,0,1,0,0,1,0,1,1,4,5,4,1,1,4,0,5,0,0,False,True,True,False,False,True,False,False,False,True,False,False,False,False,False,True,False,False,True,False,True,False,False
154,17,1,4,4,1,1,0,1,1,0,0,1,1,0,1,4,2,1,1,1,4,0,11,11,12,True,False,True,False,False,True,False,False,True,False,False,True,False,False,False,False,True,False,False,False,True,False,False
155,15,0,2,3,1,2,0,1,0,1,1,1,1,0,0,4,4,4,1,1,1,2,11,8,8,False,True,True,False,False,True,True,False,False,False,False,False,False,True,False,False,True,False,False,False,True,False,False
156,17,0,1,2,1,1,0,0,0,0,0,1,1,0,0,2,2,2,3,3,5,8,16,12,13,False,True,False,True,False,True,False,False,True,False,False,False,True,False,False,False,False,False,False,True,True,False,False
157,18,0,1,1,3,1,3,0,1,0,1,0,1,0,0,5,2,5,1,5,4,6,9,8,10,True,False,True,False,False,True,True,False,False,False,False,False,True,False,False,False,True,False,False,False,True,False,False
158,16,0,2,2,3,1,0,0,0,0,0,0,1,0,0,4,2,2,1,2,3,2,17,15,15,False,True,True,False,False,True,True,False,False,False,False,False,True,False,False,False,True,False,False,False,True,False,False
159,16,1,3,3,1,2,1,0,1,1,0,1,1,1,1,4,5,5,4,4,5,4,10,12,12,False,True,True,False,False,True,False,False,True,False,False,False,False,True,False,False,True,False,False,False,False,True,False
160,17,0,2,1,2,1,2,0,0,0,1,1,0,1,1,3,3,2,2,2,5,0,7,6,0,False,True,False,True,False,True,True,False,False,False,False,False,True,False,False,False,True,False,False,False,True,False,False
161,15,0,3,2,2,2,2,1,1,0,0,1,1,1,1,4,4,4,1,4,3,6,5,9,7,False,True,True,False,False,True,False,False,True,False,False,False,True,False,False,False,True,False,False,False,True,False,False
162,16,1,1,2,2,1,1,0,0,0,1,1,1,0,0,4,4,4,2,4,5,0,7,0,0,False,True,False,True,False,True,False,False,True,False,False,False,True,False,False,False,True,False,False,False,True,False,False
163,17,1,1,3,1,1,0,0,0,0,0,1,0,1,0,5,3,3,1,4,2,2,10,10,10,False,True,True,False,False,True,True,False,False,False,False,False,False,True,False,False,True,False,False,False,False,True,False
164,17,0,1,1,4,2,3,0,0,0,1,1,0,0,1,5,3,5,1,5,5,0,5,8,7,False,True,False,True,False,True,False,False,True,False,False,False,False,True,False,False,True,False,False,False,True,False,False
165,16,1,3,2,2,1,1,0,1,0,1,0,0,0,0,4,5,2,1,1,2,16,12,11,12,False,True,True,False,False,True,False,False,False,True,False,False,False,True,False,False,True,False,False,False,True,False,False
166,16,1,2,2,1,2,0,0,0,0,0,1,0,1,0,4,3,5,2,4,4,4,10,10,10,False,True,True,False,False,True,False,False,True,False,False,False,True,False,False,False,True,False,False,False,False,True,False
167,16,1,4,2,1,2,0,0,0,1,0,1,1,1,1,4,2,3,1,1,3,0,14,15,16,True,False,True,False,False,True,False,True,False,False,False,False,False,True,False,False,False,False,True,False,False,True,False
168,16,1,2,2,1,2,0,0,1,1,0,0,1,1,0,5,1,5,1,1,4,0,6,7,0,True,False,True,False,False,True,False,False,True,False,False,False,True,False,False,False,False,False,True,False,True,False,False
169,16,1,4,4,1,2,0,0,1,1,0,1,1,1,1,4,4,2,1,1,3,0,14,14,14,True,False,True,False,False,True,False,True,False,False,False,False,False,False,True,False,False,False,False,True,True,False,False
170,16,1,3,4,3,1,2,0,1,0,1,0,1,1,0,3,4,5,2,4,2,0,6,5,0,False,True,True,False,False,True,False,False,True,False,False,False,True,False,False,False,True,False,False,False,False,True,False
171,16,1,1,0,2,2,0,0,1,1,1,1,1,1,1,4,3,2,1,1,3,2,13,15,16,False,True,True,False,False,True,False,False,True,False,False,False,True,False,False,False,False,False,False,True,True,False,False
172,17,1,4,4,1,2,0,0,1,1,1,1,1,1,0,4,4,4,1,3,5,0,13,11,10,False,True,False,True,False,True,False,False,False,False,True,False,True,False,False,False,False,False,False,True,True,False,False
173,16,1,1,3,1,2,3,0,0,0,1,0,1,1,1,4,3,5,1,1,3,0,8,7,0,True,False,True,False,False,True,True,False,False,False,False,False,False,True,False,False,False,False,True,False,True,False,False
174,16,1,3,3,2,2,0,0,1,1,1,1,1,1,0,4,4,5,1,1,4,4,10,11,9,True,False,False,True,False,True,False,False,True,False,False,False,True,False,False,False,False,False,False,True,True,False,False
175,17,1,4,3,2,2,0,0,0,1,1,1,1,1,0,4,4,4,4,4,4,4,10,9,9,False,True,False,True,False,True,False,False,False,False,True,False,True,False,False,False,True,False,False,False,True,False,False
176,16,1,2,2,2,2,0,0,0,1,1,0,1,1,0,3,4,4,1,4,5,2,13,13,11,True,False,True,False,False,True,False,False,False,True,False,False,True,False,False,False,False,False,False,True,True,False,False
177,17,1,3,3,1,2,0,0,0,0,1,0,1,1,0,4,3,4,1,4,4,4,6,5,6,False,True,True,False,False,True,False,False,True,False,False,False,True,False,False,False,False,False,False,True,False,True,False
178,16,0,4,2,1,1,0,0,1,0,1,1,1,1,1,4,3,3,3,4,3,10,10,8,9,False,True,True,False,False,True,False,False,False,False,True,False,False,True,False,False,False,True,False,False,True,False,False
179,17,1,4,3,1,2,0,0,1,0,1,1,1,1,1,5,2,3,1,1,2,4,10,10,11,False,True,True,False,False,True,False,False,True,False,False,False,True,False,False,False,True,False,False,False,True,False,False
180,16,1,4,3,1,2,0,0,1,1,1,1,1,1,0,3,4,3,2,3,3,10,9,8,8,False,True,True,False,False,True,False,False,False,False,True,False,True,False,False,False,False,False,True,False,True,False,False
181,16,1,3,3,1,2,0,0,0,1,1,1,1,1,1,4,2,3,1,2,3,2,12,13,12,False,True,True,False,False,True,False,False,False,True,False,False,True,False,False,False,False,False,True,False,True,False,False
182,17,1,2,4,1,2,0,0,1,0,1,1,1,0,0,5,4,2,2,3,5,0,16,17,17,True,False,True,False,False,True,False,False,False,True,False,False,False,True,False,False,False,False,False,True,False,True,False
183,17,1,3,3,1,2,0,0,1,0,1,1,1,1,1,5,3,3,2,3,1,56,9,9,8,True,False,False,True,False,True,False,False,True,False,False,False,True,False,False,False,False,False,False,True,True,False,False
184,16,1,3,2,1,2,0,0,1,1,0,1,1,1,0,1,2,2,1,2,1,14,12,13,12,True,False,True,False,False,True,False,False,True,False,False,False,True,False,False,False,False,False,False,True,True,False,False
185,17,1,3,3,1,2,0,0,1,0,1,1,1,1,1,4,3,4,2,3,4,12,12,12,11,False,True,True,False,False,True,False,False,False,True,False,False,False,True,False,False,False,True,False,False,True,False,False
186,16,1,1,2,1,1,0,0,1,1,1,1,1,1,1,3,3,3,1,2,3,2,11,12,11,False,True,True,False,False,True,False,False,False,True,False,False,False,True,False,False,False,True,False,False,True,False,False
187,16,1,2,1,1,2,0,0,0,1,1,1,1,1,1,4,2,3,1,2,5,0,15,15,15,False,True,False,True,False,True,False,False,True,False,False,False,True,False,False,False,True,False,False,False,True,False,False
188,17,1,3,3,1,2,0,0,1,0,0,0,1,1,1,3,3,3,1,3,3,6,8,7,9,True,False,True,False,True,False,False,True,False,False,False,False,True,False,False,False,False,False,False,True,True,False,False
189,17,0,1,2,1,2,0,0,0,0,0,1,1,0,0,3,1,3,1,5,3,4,8,9,10,False,True,True,False,False,True,True,False,False,False,False,False,True,False,False,False,False,False,True,False,True,False,False
190,16,1,2,3,1,2,0,0,0,0,0,1,1,1,0,4,3,3,1,1,2,10,11,12,13,True,False,True,False,False,True,False,False,False,True,False,False,False,True,False,False,True,False,False,False,True,False,False
191,17,1,1,1,1,2,0,0,0,0,1,1,1,1,0,5,3,3,1,1,3,0,8,8,9,True,False,True,False,False,True,True,False,False,False,False,False,False,True,False,False,True,False,False,False,True,False,False
192,17,1,1,2,2,2,0,0,0,1,1,0,1,1,0,4,4,4,4,5,5,12,7,8,8,False,True,True,False,False,True,True,False,False,False,False,False,False,True,False,False,False,True,False,False,False,False,True
193,16,0,3,3,1,1,0,0,1,0,1,1,1,1,0,4,3,2,3,4,5,8,8,9,10,False,True,True,False,False,True,False,False,False,True,False,False,False,True,False,False,False,False,False,True,True,False,False
194,16,1,2,3,2,1,0,0,0,0,0,1,1,1,0,5,3,3,1,1,3,0,13,14,14,False,True,True,False,False,True,False,False,True,False,False,False,True,False,False,False,False,False,True,False,False,True,False
195,17,1,2,4,1,2,0,0,0,0,1,1,1,1,1,4,3,2,1,1,5,0,14,15,15,True,False,False,True,False,True,False,False,False,True,False,False,False,True,False,False,True,False,False,False,False,True,False
196,17,1,4,4,1,1,0,0,0,0,0,1,1,1,0,5,2,3,1,2,5,4,17,15,16,False,True,True,False,False,True,False,False,False,True,False,True,False,False,False,False,False,False,True,False,True,False,False
197,16,0,3,3,3,1,0,0,1,1,1,1,1,1,0,3,3,4,3,5,3,8,9,9,10,False,True,False,True,False,True,False,False,False,False,True,False,True,False,False,False,False,False,True,False,False,True,False
198,17,1,4,4,2,1,1,0,1,0,0,1,1,1,0,4,2,4,2,3,2,24,18,18,18,True,False,True,False,False,True,False,False,False,True,False,True,False,False,False,False,False,False,True,False,True,False,False
199,16,1,4,4,1,2,0,0,1,1,0,1,1,1,0,4,5,2,1,2,3,0,9,9,10,True,False,False,True,False,True,False,False,False,False,True,True,False,False,False,False,False,False,False,True,True,False,False
200,16,1,4,3,1,2,0,0,1,0,1,1,1,1,0,4,3,5,1,5,2,2,16,16,16,True,False,True,False,False,True,False,True,False,False,False,False,True,False,False,False,False,False,True,False,True,False,False
201,16,1,2,3,1,2,0,1,1,1,1,1,1,0,0,4,4,3,1,3,4,6,8,10,10,True,False,True,False,False,True,False,False,True,False,False,False,True,False,False,False,False,False,False,True,True,False,False
202,17,1,1,1,1,2,0,0,1,1,0,0,1,0,0,4,4,4,1,3,1,4,9,9,10,True,False,True,False,False,True,False,False,True,False,False,False,True,False,False,False,True,False,False,False,True,False,False
203,17,0,2,2,1,1,0,0,1,0,0,1,1,1,0,5,3,2,1,2,3,18,7,6,6,True,False,True,False,False,True,False,False,True,False,False,False,True,False,False,False,False,False,False,True,True,False,False
204,16,0,2,2,2,4,0,0,1,1,1,0,1,1,0,5,3,5,1,1,5,6,10,10,11,True,False,True,False,False,True,False,False,False,True,False,False,False,True,False,False,False,False,False,True,True,False,False
205,17,1,3,4,1,3,1,0,1,1,0,1,1,1,1,4,4,3,3,4,5,28,10,9,9,True,False,True,False,False,True,True,False,False,False,False,False,False,True,False,False,False,False,True,False,True,False,False
206,16,1,3,1,1,2,3,0,1,1,0,1,1,1,0,2,3,3,2,2,4,5,7,7,7,True,False,True,False,True,False,False,False,False,True,False,False,True,False,False,False,True,False,False,False,True,False,False
207,16,1,4,3,1,2,0,0,0,1,1,1,1,1,1,1,3,2,1,1,1,10,11,12,13,True,False,True,False,False,True,False,False,False,False,True,False,True,False,False,False,False,True,False,False,True,False,False
208,16,1,1,1,2,1,0,0,1,1,0,1,1,0,0,4,3,2,1,4,5,6,9,9,10,True,False,True,False,False,True,True,False,False,False,False,False,True,False,False,False,False,False,True,False,True,False,False
209,17,0,4,3,2,3,0,0,1,1,1,1,1,1,1,4,4,2,1,1,4,6,7,7,7,True,False,True,False,False,True,False,False,False,False,True,False,True,False,False,False,False,False,False,True,True,False,False
210,19,1,3,3,1,4,0,0,1,1,1,1,1,1,0,4,3,3,1,2,3,10,8,8,8,True,False,True,False,False,True,False,False,True,False,False,False,True,False,False,False,False,False,False,True,False,False,True
211,17,1,4,4,1,2,0,0,1,1,0,1,1,1,1,5,3,5,4,5,3,13,12,12,13,False,True,False,True,False,True,False,False,False,True,False,False,True,False,False,False,False,False,True,False,True,False,False
212,16,1,2,2,1,2,0,1,1,1,0,1,1,1,0,3,3,4,1,1,4,0,12,13,14,True,False,True,False,True,False,False,False,True,False,False,False,True,False,False,False,False,False,False,True,True,False,False
213,18,1,2,2,1,2,1,0,1,1,1,1,1,1,0,4,4,4,2,4,5,15,6,7,8,False,True,True,False,False,True,False,False,False,True,False,False,True,False,False,False,False,False,True,False,True,False,False
214,17,0,4,4,1,1,0,0,1,1,0,1,1,0,0,5,2,1,1,2,3,12,8,10,10,True,False,False,True,False,True,False,False,False,True,False,False,True,False,False,False,False,True,False,False,True,False,False
215,17,1,3,2,2,2,0,0,0,1,0,1,1,1,0,4,4,4,1,3,1,2,14,15,15,True,False,False,True,False,True,False,False,True,False,False,False,True,False,False,False,False,False,False,True,True,False,False
216,17,1,4,3,1,2,2,0,0,1,0,1,1,1,1,3,4,5,2,4,1,22,6,6,4,True,False,True,False,False,True,False,False,True,False,False,False,True,False,False,False,False,False,False,True,True,False,False
217,18,1,3,3,1,2,1,0,1,1,0,1,1,1,0,3,2,4,2,4,4,13,6,6,8,False,True,False,True,False,True,False,False,False,True,False,False,False,False,True,False,False,False,True,False,False,True,False
218,17,1,2,3,2,1,0,0,1,1,0,1,1,0,0,3,3,3,1,4,3,3,7,7,8,True,False,True,False,False,True,True,False,False,False,False,False,True,False,False,False,False,False,True,False,False,True,False
219,17,1,2,2,1,3,0,0,1,1,1,1,1,1,0,4,3,3,1,1,4,4,9,10,10,True,False,True,False,False,True,True,False,False,False,False,False,False,False,False,True,True,False,False,False,True,False,False
220,17,0,2,1,2,2,0,0,1,0,1,1,1,1,0,4,2,5,1,2,5,2,6,6,6,True,False,True,False,False,True,True,False,False,False,False,False,False,True,False,False,False,False,False,True,True,False,False
221,17,1,1,1,1,3,1,0,1,0,1,1,1,0,1,4,3,4,1,1,5,0,6,5,0,True,False,True,False,False,True,True,False,False,False,False,False,True,False,False,False,False,False,False,True,True,False,False
222,16,1,2,3,1,2,0,1,0,0,0,1,1,1,0,2,3,1,1,1,3,2,16,16,17,True,False,True,False,False,True,False,False,False,True,False,True,False,False,False,False,False,True,False,False,True,False,False
223,18,1,2,2,2,2,0,0,1,1,0,1,1,1,0,3,3,3,5,5,4,0,12,13,13,False,True,True,False,False,True,False,False,True,False,False,False,True,False,False,False,False,False,True,False,True,False,False
224,16,1,4,4,1,3,0,0,1,0,1,0,1,1,0,5,3,2,1,1,5,0,13,13,14,True,False,True,False,False,True,False,False,False,False,True,False,False,True,False,False,False,False,True,False,True,False,False
225,18,0,3,1,1,2,1,0,0,0,1,1,1,1,1,5,3,3,1,1,4,16,9,8,7,True,False,True,False,False,True,False,False,True,False,False,False,True,False,False,False,False,False,False,True,True,False,False
226,17,1,3,2,1,2,0,0,0,0,1,0,1,1,0,5,3,4,1,3,3,10,16,15,15,True,False,True,False,False,True,False,False,True,False,False,False,True,False,False,False,True,False,False,False,True,False,False
227,17,1,2,3,1,2,0,0,1,1,0,0,1,1,0,5,3,3,1,3,3,2,12,11,12,False,True,False,True,False,True,False,False,False,True,False,False,False,True,False,False,False,False,False,True,False,True,False
228,18,1,2,1,4,2,0,1,1,1,1,1,1,1,1,4,3,2,4,5,3,14,10,8,9,False,True,False,True,False,True,True,False,False,False,False,False,True,False,False,False,True,False,False,False,True,False,False
229,17,1,2,1,2,3,0,0,0,0,1,1,1,1,1,3,2,3,1,2,3,10,12,10,12,True,False,True,False,True,False,False,False,True,False,False,False,True,False,False,False,True,False,False,False,True,False,False
230,17,1,4,3,1,2,0,0,0,0,1,1,1,1,1,3,2,3,1,2,3,14,13,13,14,True,False,False,True,False,True,False,True,False,False,False,False,True,False,False,False,False,False,False,True,False,True,False
231,17,0,2,2,2,2,0,0,1,1,1,1,1,1,0,4,5,2,1,1,1,4,11,11,11,False,True,True,False,False,True,False,False,True,False,False,False,True,False,False,False,True,False,False,False,False,True,False
232,17,1,4,4,1,2,0,1,1,0,1,1,1,1,1,4,5,5,1,3,2,14,11,9,9,False,True,True,False,False,True,False,False,False,False,True,True,False,False,False,False,False,False,False,True,True,False,False
233,16,1,4,4,1,2,0,0,1,1,1,1,1,1,0,4,2,4,2,4,1,2,14,13,13,False,True,True,False,False,True,False,True,False,False,False,False,True,False,False,False,False,False,False,True,False,True,False
234,16,1,1,1,2,2,0,0,1,1,0,1,1,1,0,3,4,2,1,1,5,18,9,7,6,False,True,False,True,False,True,False,False,True,False,False,False,True,False,False,False,False,False,True,False,True,False,False
235,16,1,3,2,2,3,0,0,0,0,1,1,1,1,1,5,3,3,1,3,2,10,11,9,10,False,True,True,False,False,True,True,False,False,False,False,False,True,False,False,False,False,False,False,True,True,False,False
236,17,1,2,2,1,2,0,0,0,1,1,0,1,1,1,4,4,2,5,5,4,4,14,13,13,False,True,False,True,False,True,False,False,True,False,False,False,True,False,False,False,False,False,True,False,False,True,False
237,16,1,2,1,1,1,0,0,0,0,0,1,1,1,1,4,5,2,1,1,5,20,13,12,12,True,False,True,False,False,True,False,False,True,False,False,False,True,False,False,False,False,False,True,False,True,False,False
238,17,0,2,1,3,2,0,0,0,0,1,1,1,0,0,2,1,1,1,1,3,2,13,11,11,True,False,True,False,False,True,True,False,False,False,False,False,False,True,False,False,True,False,False,False,True,False,False
239,18,1,2,2,1,2,1,0,0,0,0,1,0,1,0,5,5,4,3,5,2,0,7,7,0,False,True,True,False,False,True,False,False,True,False,False,False,False,True,False,False,False,False,False,True,False,True,False
240,17,1,4,3,2,2,0,0,0,0,1,1,1,1,1,2,5,5,1,4,5,14,12,12,12,False,True,False,True,False,True,False,True,False,False,False,False,True,False,False,False,True,False,False,False,True,False,False
241,17,0,4,4,2,2,0,0,1,1,0,1,1,1,0,3,3,3,2,3,4,2,10,11,12,False,True,False,True,True,False,False,False,False,False,True,False,True,False,False,False,True,False,False,False,True,False,False
242,16,1,4,3,1,1,0,0,0,0,1,0,1,1,0,5,4,5,1,1,3,0,6,0,0,False,True,False,True,False,True,False,False,False,False,True,False,True,False,False,False,True,False,False,False,True,False,False
243,16,1,4,4,1,1,0,0,0,0,1,1,1,1,0,5,3,2,1,2,5,0,13,12,12,False,True,True,False,False,True,False,False,False,True,False,False,False,True,False,False,True,False,False,False,True,False,False
244,18,1,2,1,2,3,0,0,1,1,0,0,1,1,1,4,4,4,1,1,3,0,7,0,0,True,False,True,False,False,True,False,False,True,False,False,False,True,False,False,False,True,False,False,False,False,False,True
245,16,1,2,1,3,1,0,0,0,0,0,1,1,1,0,4,3,3,1,1,4,6,18,18,18,False,True,True,False,False,True,False,False,True,False,False,False,True,False,False,False,True,False,False,False,True,False,False
246,17,1,2,3,2,1,0,0,0,0,0,1,1,1,0,5,2,2,1,1,2,4,12,12,13,False,True,True,False,False,True,False,False,True,False,False,False,True,False,False,False,True,False,False,False,False,True,False
247,22,1,3,1,1,1,3,0,0,0,0,0,0,1,1,5,4,5,5,5,1,16,6,8,8,False,True,True,False,False,True,False,False,False,True,False,False,False,True,False,False,False,True,False,False,True,False,False
248,18,0,3,3,1,2,1,0,1,0,0,1,1,1,1,4,3,3,1,3,5,8,3,5,5,False,True,False,True,False,True,False,False,True,False,False,False,False,True,False,False,True,False,False,False,True,False,False
249,16,1,0,2,1,1,0,0,0,1,0,0,1,1,0,4,3,2,2,4,5,0,13,15,15,False,True,True,False,False,True,False,False,True,False,False,False,True,False,False,False,False,True,False,False,True,False,False
250,18,1,3,2,2,1,1,0,0,0,0,1,0,1,0,4,4,5,2,4,5,0,6,8,8,False,True,True,False,False,True,False,False,False,True,False,False,True,False,False,False,True,False,False,False,True,False,False
251,16,1,3,3,3,2,0,1,1,0,0,0,1,1,0,5,3,3,1,3,2,6,7,10,10,False,True,True,False,False,True,True,False,False,False,False,False,True,False,False,False,False,False,False,True,False,False,True
252,18,1,2,1,1,1,1,0,0,0,0,0,0,1,0,3,2,5,2,5,5,4,6,9,8,False,True,True,False,False,True,False,False,False,True,False,False,False,True,False,False,False,True,False,False,True,False,False
253,16,0,2,1,2,1,0,0,0,0,1,0,1,0,0,3,3,2,1,3,3,0,8,9,8,False,True,True,False,False,True,False,False,True,False,False,False,True,False,False,False,True,False,False,False,True,False,False
254,17,0,2,1,1,1,0,0,0,0,0,0,1,1,0,4,4,2,2,4,5,0,8,12,12,False,True,True,False,False,True,False,False,True,False,False,False,True,False,False,False,True,False,False,False,True,False,False
255,17,1,1,1,2,1,1,0,1,0,1,1,1,1,0,4,4,4,1,2,5,2,7,9,8,False,True,False,True,False,True,False,True,False,False,False,False,True,False,False,False,True,False,False,False,True,False,False
256,17,1,4,2,1,4,0,0,1,1,1,1,1,1,0,4,2,3,1,1,4,6,14,12,13,True,False,False,True,False,True,False,False,False,False,True,False,False,True,False,False,False,False,False,True,True,False,False
257,19,1,4,3,1,2,0,0,1,0,0,1,1,1,0,4,3,1,1,1,1,12,11,11,11,False,True,False,True,True,False,False,False,False,True,False,False,False,False,False,True,False,False,False,True,True,False,False
258,18,1,2,1,1,2,0,0,0,0,1,1,1,1,0,5,2,4,1,2,4,8,15,14,14,False,True,True,False,False,True,False,False,True,False,False,False,True,False,False,False,False,False,True,False,True,False,False
259,17,1,2,2,1,4,0,0,0,1,1,1,1,1,1,3,4,1,1,1,2,0,10,9,0,True,False,False,True,False,True,False,False,False,True,False,False,False,True,False,False,True,False,False,False,False,True,False
260,18,1,4,3,1,2,0,0,1,1,0,1,1,1,1,3,1,2,1,3,2,21,17,18,18,True,False,True,False,False,True,False,False,False,True,False,False,True,False,False,False,False,False,True,False,False,True,False
261,18,1,4,3,1,2,0,0,1,1,0,0,1,1,0,4,3,2,1,1,3,2,8,8,8,False,True,True,False,False,True,False,False,False,False,True,False,True,False,False,False,True,False,False,False,True,False,False
262,18,0,3,2,1,3,0,0,0,0,1,0,1,0,0,5,3,2,1,1,3,1,13,12,12,False,True,True,False,False,True,False,False,True,False,False,False,True,False,False,False,True,False,False,False,True,False,False
263,17,1,3,3,1,3,0,0,0,0,1,0,1,0,0,3,2,3,1,1,4,4,10,9,9,True,False,True,False,False,True,False,False,True,False,False,False,True,False,False,False,False,False,True,False,True,False,False
264,18,1,2,2,1,3,0,0,1,1,1,1,1,1,1,4,3,3,1,1,3,0,9,10,0,True,False,True,False,False,True,True,False,False,False,False,False,False,True,False,False,False,False,True,False,True,False,False
265,18,0,3,4,2,2,0,0,1,1,1,1,1,1,0,4,2,5,3,4,1,13,17,17,17,False,True,False,True,True,False,False,False,True,False,False,False,True,False,False,False,False,False,False,True,True,False,False
266,17,1,3,1,1,2,0,0,0,1,1,1,1,1,1,5,4,4,3,4,5,2,9,9,10,False,True,True,False,False,True,False,False,False,True,False,False,True,False,False,False,False,True,False,False,True,False,False
267,18,0,4,4,2,2,0,0,0,1,1,1,1,1,0,4,3,4,2,2,4,8,12,10,11,True,False,True,False,False,True,False,False,False,False,True,False,True,False,False,False,False,False,False,True,True,False,False
268,18,1,4,2,1,2,0,0,1,1,1,1,1,1,1,5,4,5,1,3,5,10,10,9,10,False,True,True,False,False,True,False,True,False,False,False,False,True,False,False,False,False,False,False,True,False,True,False
269,18,0,2,1,2,2,0,0,1,0,0,1,0,1,1,4,3,5,1,2,3,0,6,0,0,True,False,True,False,False,True,False,False,True,False,False,False,True,False,False,False,False,False,False,True,True,False,False
270,19,1,3,3,1,2,2,0,1,1,1,1,1,1,0,4,3,5,3,3,5,15,9,9,9,True,False,True,False,False,True,False,False,True,False,False,False,False,True,False,False,False,False,True,False,False,False,True
271,18,1,2,3,1,4,0,0,1,1,1,1,1,1,1,4,5,5,1,3,2,4,15,14,14,True,False,True,False,False,True,False,False,True,False,False,False,False,True,False,False,False,False,False,True,False,True,False
272,18,1,1,1,2,2,0,0,1,1,0,0,1,0,0,4,4,3,1,1,3,2,11,11,11,True,False,False,True,False,True,False,False,True,False,False,False,True,False,False,False,False,False,True,False,True,False,False
273,17,0,1,2,1,2,0,0,1,1,1,0,1,0,1,3,5,2,2,2,1,2,15,14,14,False,True,True,False,False,True,True,False,False,False,False,False,False,False,False,True,False,False,True,False,True,False,False
274,17,1,2,4,2,2,0,0,1,1,0,1,1,1,1,4,3,3,1,1,1,2,10,10,10,True,False,True,False,False,True,True,False,False,False,False,False,False,False,True,False,False,False,False,True,True,False,False
275,17,1,2,2,2,2,0,1,1,1,0,1,1,1,1,4,4,4,2,3,5,6,12,12,12,True,False,False,True,False,True,False,False,False,True,False,False,True,False,False,False,True,False,False,False,True,False,False
276,18,0,3,2,2,2,0,0,0,0,0,0,0,1,1,4,1,1,1,1,5,75,10,9,9,True,False,True,False,True,False,False,False,True,False,False,False,False,True,False,False,False,False,True,False,True,False,False
277,18,1,4,4,2,1,0,0,0,1,1,1,1,1,0,3,2,4,1,4,3,22,9,9,9,False,True,True,False,False,True,False,False,False,False,True,False,False,True,False,False,False,False,True,False,True,False,False
278,18,1,4,4,1,2,1,1,1,0,1,1,1,1,1,2,4,4,1,1,4,15,9,8,8,True,False,True,False,False,True,False,True,False,False,False,False,False,False,True,False,False,False,False,True,False,True,False
279,18,1,4,3,2,1,0,0,0,1,1,1,1,1,0,4,2,3,1,2,1,8,10,11,10,False,True,False,True,False,True,False,False,False,False,True,False,False,True,False,False,True,False,False,False,True,False,False
280,17,1,4,1,2,1,0,0,0,1,1,1,1,1,1,4,5,4,2,4,5,30,8,8,8,False,True,False,True,True,False,False,False,False,True,False,False,True,False,False,False,False,False,True,False,True,False,False
281,17,1,3,2,1,1,1,0,0,0,0,1,1,1,0,4,4,4,3,4,3,19,11,9,10,False,True,False,True,True,False,False,False,False,False,True,False,False,True,False,False,False,False,True,False,True,False,False
282,18,0,1,1,2,4,0,0,1,1,1,1,1,0,0,5,2,2,1,1,3,1,12,12,12,True,False,False,True,False,True,True,False,False,False,False,False,True,False,False,False,False,False,False,True,True,False,False
283,18,1,1,1,2,2,0,1,0,0,1,1,1,1,0,5,4,4,1,1,4,4,8,9,10,True,False,True,False,False,True,False,False,True,False,False,False,True,False,False,False,False,False,True,False,True,False,False
284,17,1,2,2,1,2,0,0,1,0,0,0,1,1,0,5,4,5,1,2,5,4,10,9,11,True,False,True,False,False,True,False,False,True,False,False,False,True,False,False,False,True,False,False,False,True,False,False
285,17,1,1,1,1,2,0,0,0,1,0,0,1,1,0,4,3,3,1,2,4,2,12,10,11,False,True,True,False,False,True,False,False,True,False,False,False,True,False,False,False,False,False,False,True,False,True,False
286,18,1,2,2,1,3,0,0,1,1,0,1,1,1,0,4,3,3,1,2,2,5,18,18,19,True,False,True,False,False,True,True,False,False,False,False,False,False,False,False,True,False,True,False,False,True,False,False
287,17,1,1,1,1,3,0,0,1,1,0,1,1,1,0,4,3,3,1,1,3,6,13,12,12,True,False,True,False,False,True,False,False,False,True,False,True,False,False,False,False,False,False,False,True,True,False,False
288,18,1,2,1,1,3,0,0,0,1,1,1,1,1,0,4,2,4,1,3,2,6,15,14,14,False,True,True,False,False,True,False,False,False,True,False,False,False,True,False,False,False,False,False,True,True,False,False
289,18,1,4,4,1,2,0,0,1,1,1,1,1,1,0,5,4,3,1,1,2,9,15,13,15,False,True,False,True,True,False,False,False,False,False,True,True,False,False,False,False,False,False,False,True,True,False,False
290,18,1,4,2,1,2,0,0,1,1,1,1,1,1,1,4,3,2,1,4,5,11,12,11,11,False,True,True,False,False,True,False,False,False,False,True,False,True,False,False,False,False,False,True,False,True,False,False
291,17,1,4,3,1,3,0,0,1,1,0,1,1,1,0,4,2,2,1,2,3,0,15,15,15,True,False,True,False,False,True,False,True,False,False,False,False,False,True,False,False,False,False,False,True,True,False,False
292,18,1,2,1,1,2,1,0,0,0,0,1,1,1,1,5,4,3,1,1,5,12,12,12,13,True,False,False,True,False,True,False,False,False,True,False,False,False,False,False,True,False,False,False,True,True,False,False
293,17,0,3,1,2,4,0,0,1,1,0,1,1,0,0,3,1,2,1,1,3,6,18,18,18,True,False,False,True,False,True,False,False,False,True,False,False,True,False,False,False,False,False,False,True,True,False,False
294,18,0,3,2,2,3,0,0,1,1,1,1,1,1,0,5,4,2,1,1,4,8,14,13,14,False,True,False,True,False,True,False,False,False,True,False,False,True,False,False,False,False,False,False,True,True,False,False
295,17,1,3,3,1,1,0,0,1,1,0,1,1,1,0,4,4,3,1,3,5,4,14,12,11,False,True,True,False,False,True,False,True,False,False,False,False,True,False,False,False,False,False,True,False,True,False,False
296,19,1,4,4,2,2,0,0,1,1,1,1,1,1,0,2,3,4,2,3,2,0,10,9,0,True,False,True,False,False,True,False,True,False,False,False,False,True,False,False,False,False,False,False,True,False,False,True
297,18,1,4,3,2,2,0,0,1,1,0,1,1,1,1,4,4,5,1,2,2,10,10,8,8,True,False,False,True,False,True,False,False,True,False,False,False,True,False,False,False,False,False,True,False,False,False,True
298,18,1,4,3,1,4,0,0,1,1,0,1,1,1,0,4,3,3,1,1,3,0,14,13,14,True,False,True,False,False,True,False,False,True,False,False,False,True,False,False,False,False,False,False,True,False,True,False
299,18,1,4,4,1,1,0,0,1,1,0,1,1,1,1,1,4,2,2,2,1,5,16,15,16,False,True,False,True,False,True,False,False,False,False,True,True,False,False,False,False,False,False,True,False,True,False,False
300,18,1,4,4,1,2,0,0,1,0,0,1,1,1,1,4,2,4,1,1,4,14,12,10,11,True,False,False,True,True,False,False,True,False,False,False,False,True,False,False,False,False,False,True,False,True,False,False
301,17,1,4,4,2,1,0,0,0,1,0,1,1,1,0,4,1,1,2,2,5,0,11,11,10,False,True,False,True,False,True,False,False,True,False,False,True,False,False,False,False,False,False,True,False,False,True,False
302,17,1,4,2,2,3,0,0,1,1,0,1,1,1,0,4,3,3,1,1,3,0,15,12,14,True,False,True,False,False,True,False,False,True,False,False,False,True,False,False,False,False,False,False,True,True,False,False
303,17,1,3,2,1,4,0,0,1,1,1,0,1,1,0,5,2,2,1,2,5,0,17,17,18,True,False,True,False,False,True,False,True,False,False,False,False,False,False,True,False,False,False,False,True,False,True,False
304,19,1,3,3,1,2,1,0,1,0,1,1,1,1,1,4,4,4,1,1,3,20,15,14,13,False,True,True,False,False,True,False,False,True,False,False,False,True,False,False,False,False,False,True,False,False,False,True
305,18,1,2,4,1,2,1,0,1,1,1,1,1,1,0,4,4,3,1,1,3,8,14,12,12,True,False,True,False,False,True,False,False,False,True,False,False,False,False,False,True,False,False,False,True,False,False,True
306,20,1,3,2,1,1,0,0,0,0,1,1,1,0,0,5,5,3,1,1,5,0,17,18,18,False,True,True,False,True,False,False,False,False,True,False,False,True,False,False,False,True,False,False,False,False,False,True
307,19,1,4,4,2,1,1,0,1,1,0,1,1,1,1,4,3,4,1,1,4,38,8,9,8,False,True,True,False,False,True,False,False,False,False,True,False,False,True,False,False,False,False,False,True,False,False,True
308,19,0,3,3,1,2,1,0,0,0,1,1,1,0,1,4,5,3,1,2,5,0,15,12,12,False,True,True,False,False,True,False,False,True,False,False,False,False,True,False,False,False,False,False,True,False,True,False
309,19,1,1,1,1,2,1,1,1,0,1,0,1,1,0,4,4,3,1,3,3,18,12,10,10,True,False,False,True,False,True,True,False,False,False,False,False,True,False,False,False,False,False,False,True,False,False,True
310,19,1,1,2,1,2,1,0,0,0,1,0,1,0,1,4,2,4,2,2,3,0,9,9,0,True,False,False,True,False,True,False,False,False,True,False,False,False,True,False,False,False,False,True,False,False,False,True
311,19,1,2,1,3,2,0,0,1,0,0,1,0,1,1,3,4,1,1,1,2,20,14,12,13,True,False,True,False,False,True,True,False,False,False,False,False,True,False,False,False,False,True,False,False,False,False,True
312,19,1,1,2,1,2,1,0,0,0,0,0,1,1,0,4,5,2,2,2,4,3,13,11,11,False,True,True,False,False,True,False,False,True,False,False,False,False,True,False,False,True,False,False,False,False,False,True
313,19,1,3,2,2,2,1,0,1,1,0,0,1,1,1,4,2,2,1,2,1,22,13,10,11,True,False,False,True,False,True,False,False,False,True,False,False,True,False,False,False,False,False,False,True,False,False,True
314,19,1,1,1,1,3,2,0,0,0,0,0,1,1,1,4,1,2,1,1,3,14,15,13,13,True,False,True,False,False,True,True,False,False,False,False,False,False,False,True,False,False,False,True,False,False,False,True
315,19,0,2,3,1,3,1,0,0,0,0,1,1,1,1,4,1,2,1,1,3,40,13,11,11,True,False,True,False,False,True,False,False,True,False,False,False,True,False,False,False,False,False,False,True,False,False,True
316,18,1,2,1,2,2,0,0,1,1,1,1,1,1,0,5,3,3,1,2,1,0,8,8,0,True,False,True,False,False,True,False,False,False,True,False,False,True,False,False,False,True,False,False,False,True,False,False
317,18,1,4,3,1,3,0,0,1,1,1,1,1,1,1,4,3,4,1,1,5,9,9,10,9,True,False,True,False,False,True,False,False,True,False,False,False,True,False,False,False,True,False,False,False,True,False,False
318,17,0,3,4,1,3,0,0,1,1,1,0,1,1,0,4,3,4,2,5,5,0,11,11,10,True,False,True,False,False,True,True,False,False,False,False,False,False,True,False,False,True,False,False,False,False,True,False
319,18,1,4,4,1,2,0,0,1,1,0,1,1,1,0,4,4,4,3,3,5,2,11,11,11,True,False,True,False,False,True,False,False,False,False,True,False,True,False,False,False,True,False,False,False,True,False,False
320,17,1,4,3,1,2,0,0,1,1,0,1,1,1,1,5,2,2,1,2,5,23,13,13,13,True,False,True,False,True,False,False,False,False,True,False,False,False,True,False,False,True,False,False,False,True,False,False
321,17,1,2,2,1,2,0,0,1,0,0,1,1,0,1,4,2,2,1,1,3,12,11,9,9,True,False,True,False,False,True,False,False,True,False,False,False,True,False,False,False,True,False,False,False,True,False,False
322,17,0,2,2,1,3,0,0,1,1,1,1,1,1,0,3,3,2,2,2,3,3,11,11,11,True,False,False,True,False,True,False,False,False,True,False,False,False,True,False,False,True,False,False,False,True,False,False
323,17,1,3,1,1,3,0,0,1,0,0,0,1,1,0,3,4,3,2,3,5,1,12,14,15,True,False,True,False,False,True,False,False,False,True,False,False,False,True,False,False,True,False,False,False,False,True,False
324,17,1,0,2,2,3,0,0,0,0,0,1,1,1,0,3,3,3,2,3,2,0,16,15,15,True,False,False,True,False,True,True,False,False,False,False,False,False,False,False,True,False,False,True,False,False,True,False
325,18,1,4,4,1,3,0,0,0,0,1,1,1,1,0,4,3,3,2,2,3,3,9,12,11,False,True,True,False,False,True,False,False,True,False,False,False,True,False,False,False,True,False,False,False,True,False,False
326,17,1,3,3,1,1,0,0,0,0,1,0,1,1,0,4,3,5,3,5,5,3,14,15,16,False,True,True,False,False,True,False,False,True,False,False,False,False,True,False,False,False,False,False,True,True,False,False
327,17,0,2,2,4,1,0,0,1,0,0,1,1,1,0,4,4,5,5,5,4,8,11,10,10,False,True,True,False,False,True,False,False,False,True,False,False,True,False,False,False,True,False,False,False,True,False,False
328,17,1,4,4,1,3,0,0,1,1,1,1,1,1,0,5,4,4,1,3,4,7,10,9,9,True,False,True,False,False,True,False,False,False,False,True,False,False,True,False,False,True,False,False,False,True,False,False
329,17,1,4,4,2,3,0,0,1,1,0,0,1,1,1,4,3,3,1,2,4,4,14,14,14,True,False,True,False,False,True,False,False,False,False,True,True,False,False,False,False,True,False,False,False,True,False,False
330,18,1,2,2,1,4,0,0,1,0,1,1,1,1,0,4,5,5,2,4,5,2,9,8,8,False,True,False,True,False,True,False,False,True,False,False,False,True,False,False,False,True,False,False,False,True,False,False
331,17,0,2,4,1,3,0,0,1,0,0,1,1,1,1,4,4,3,1,1,5,7,12,14,14,True,False,True,False,False,True,True,False,False,False,False,False,True,False,False,False,True,False,False,False,False,True,False
332,18,1,3,3,1,2,0,0,0,0,1,1,1,1,0,5,3,4,1,1,4,0,7,0,0,True,False,True,False,False,True,False,False,False,True,False,False,False,True,False,False,False,False,True,False,True,False,False
333,18,1,2,2,1,2,0,0,0,0,1,0,1,1,1,4,3,3,1,1,2,0,8,8,0,True,False,False,True,False,True,False,False,True,False,False,False,True,False,False,False,False,False,True,False,False,False,True
334,18,0,2,2,2,4,0,0,0,0,1,1,1,0,0,4,4,4,1,1,4,0,10,9,0,True,False,True,False,False,True,True,False,False,False,False,False,True,False,False,False,True,False,False,False,True,False,False
335,17,1,3,4,1,3,0,0,0,0,0,1,1,1,0,4,4,5,1,3,5,16,16,15,15,True,False,True,False,False,True,False,False,False,True,False,False,True,False,False,False,True,False,False,False,True,False,False
336,19,0,3,1,1,3,1,0,0,1,0,1,1,0,0,5,4,3,1,2,5,12,14,13,13,True,False,True,False,True,False,False,False,False,True,False,False,False,False,False,True,False,False,True,False,False,False,True
337,17,1,3,2,1,2,0,0,1,1,0,1,1,1,1,4,3,2,2,3,2,0,7,8,0,True,False,True,False,False,True,False,False,True,False,False,False,True,False,False,False,False,False,True,False,True,False,False
338,18,1,3,3,1,4,0,0,1,0,0,1,1,1,0,5,3,3,1,1,1,7,16,15,17,True,False,False,True,False,True,False,False,False,True,False,False,False,True,False,False,False,False,True,False,True,False,False
339,17,0,3,2,1,2,0,0,1,1,0,1,1,1,0,4,3,3,2,3,2,4,9,10,10,True,False,True,False,True,False,False,False,True,False,False,False,True,False,False,False,False,False,True,False,True,False,False
340,19,1,2,1,1,3,1,0,0,1,1,1,1,1,1,4,3,4,1,3,3,4,11,12,11,True,False,True,False,False,True,False,False,False,True,False,False,False,True,False,False,False,False,True,False,False,False,True
341,18,1,4,4,1,2,1,0,1,0,1,1,1,1,0,4,3,3,2,2,2,0,10,10,0,False,True,True,False,False,True,False,False,False,False,True,False,False,True,False,False,False,False,True,False,False,True,False
342,18,1,3,4,1,2,0,0,0,0,1,1,1,1,1,4,3,3,1,3,5,11,16,15,15,False,True,False,True,False,True,False,False,False,True,False,False,True,False,False,False,False,False,True,False,True,False,False
343,17,1,2,2,1,2,1,0,1,0,0,1,1,1,1,3,3,1,1,2,4,0,9,8,0,True,False,True,False,True,False,True,False,False,False,False,False,False,False,False,True,False,False,True,False,False,True,False
344,18,1,2,3,1,3,0,0,1,0,0,1,1,1,0,4,3,3,1,2,3,4,11,10,10,True,False,True,False,False,True,True,False,False,False,False,False,True,False,False,False,True,False,False,False,True,False,False
345,18,1,3,2,1,3,0,0,0,0,0,1,1,1,1,5,4,3,2,3,1,7,13,13,14,True,False,True,False,False,True,False,False,True,False,False,False,False,True,False,False,False,True,False,False,True,False,False
346,18,0,4,3,1,3,0,0,0,0,0,1,1,1,1,5,3,2,1,2,4,9,16,15,16,False,True,True,False,False,True,False,False,False,False,True,False,False,True,False,False,True,False,False,False,True,False,False
347,18,1,4,3,1,3,0,0,1,1,0,1,1,1,1,5,4,5,2,3,5,0,10,10,9,False,True,True,False,False,True,False,False,False,False,True,False,True,False,False,False,True,False,False,False,True,False,False
348,17,1,4,3,1,3,0,0,1,1,1,1,1,1,1,4,4,3,1,3,4,0,13,15,15,True,False,True,False,False,True,False,True,False,False,False,False,True,False,False,False,False,False,False,True,True,False,False
349,18,0,3,2,2,1,1,0,1,0,0,0,1,1,0,2,5,5,5,5,5,10,11,13,13,False,True,True,False,False,True,False,False,True,False,False,False,True,False,False,False,True,False,False,False,True,False,False
350,19,0,1,1,3,2,3,0,0,0,0,1,1,1,0,5,4,4,3,3,2,8,8,7,8,False,True,True,False,False,True,False,False,True,False,False,False,False,True,False,False,False,False,True,False,False,False,True
351,17,1,3,3,2,2,0,0,1,1,0,1,1,1,0,4,5,4,2,3,3,2,13,13,13,False,True,True,False,False,True,False,True,False,False,False,False,True,False,False,False,True,False,False,False,True,False,False
352,18,1,1,3,1,1,1,0,0,0,0,1,0,1,1,4,3,3,2,3,3,7,8,7,8,False,True,False,True,False,True,True,False,False,False,False,False,False,True,False,False,True,False,False,False,True,False,False
353,19,0,1,1,3,1,1,0,1,0,0,1,1,1,0,4,4,4,3,3,5,4,8,8,8,False,True,True,False,False,True,False,False,True,False,False,False,True,False,False,False,False,False,True,False,False,False,True
354,17,0,4,3,2,2,0,0,1,1,1,0,1,1,1,4,5,5,1,3,2,4,13,11,11,False,True,True,False,False,True,False,False,False,True,False,False,True,False,False,False,False,False,True,False,True,False,False
355,18,1,3,3,1,2,0,0,1,0,0,1,1,0,1,5,3,4,1,1,5,0,10,9,9,True,False,True,False,False,True,False,False,False,True,False,False,False,True,False,False,True,False,False,False,False,True,False
356,17,0,4,4,2,2,0,0,1,1,1,1,1,1,0,4,3,3,1,2,5,4,12,13,13,True,False,True,False,False,True,False,False,False,False,True,False,False,True,False,False,False,True,False,False,False,True,False
357,17,1,3,2,2,2,0,0,0,0,0,1,1,0,1,1,2,3,1,2,5,2,12,12,11,True,False,False,True,True,False,False,False,False,True,False,False,True,False,False,False,False,False,False,True,True,False,False
358,18,1,1,1,2,1,0,0,0,0,0,0,1,1,1,3,3,2,1,2,3,4,10,10,10,False,True,False,True,False,True,False,False,True,False,False,False,False,True,False,False,False,False,True,False,False,True,False
359,18,1,1,1,2,3,0,0,0,0,0,1,1,1,0,5,3,2,1,1,4,0,18,16,16,True,False,False,True,False,True,True,False,False,False,False,False,False,True,False,False,True,False,False,False,False,True,False
360,18,0,1,4,3,2,0,0,0,0,0,1,1,0,1,4,3,4,1,4,5,0,13,13,13,True,False,False,True,True,False,True,False,False,False,False,False,True,False,False,False,True,False,False,False,True,False,False
361,18,0,1,1,2,2,1,0,0,0,1,0,0,0,0,4,4,3,2,3,5,2,13,12,12,False,True,False,True,False,True,True,False,False,False,False,False,True,False,False,False,False,True,False,False,True,False,False
362,18,1,3,3,2,2,0,0,1,0,0,1,1,1,1,4,3,2,1,3,3,0,11,11,10,True,False,True,False,False,True,False,False,False,True,False,False,False,True,False,False,False,True,False,False,True,False,False
363,17,1,4,4,1,2,0,0,1,1,1,1,1,1,1,2,3,4,1,1,1,0,16,15,15,True,False,False,True,False,True,True,False,False,False,False,False,False,False,False,True,True,False,False,False,True,False,False
364,17,0,1,2,2,2,0,0,0,0,0,0,1,0,0,3,2,2,1,2,3,0,12,11,12,True,False,True,False,False,True,False,False,True,False,False,False,False,True,False,False,True,False,False,False,False,True,False
365,18,0,1,3,2,2,0,0,1,1,0,1,1,0,0,3,3,4,2,4,3,4,10,10,10,False,True,True,False,False,True,True,False,False,False,False,False,True,False,False,False,True,False,False,False,True,False,False
366,18,1,4,4,2,3,0,0,0,1,0,1,1,1,1,4,2,2,2,2,5,0,13,13,13,False,True,False,True,False,True,False,False,False,False,True,False,False,True,False,False,False,True,False,False,True,False,False
367,17,0,1,1,3,1,1,0,1,1,0,1,1,1,1,5,2,1,1,2,1,0,7,6,0,True,False,True,False,False,True,False,False,True,False,False,False,False,True,False,False,False,False,False,True,True,False,False
368,18,1,2,3,2,1,0,0,1,1,0,1,1,1,1,5,2,3,1,2,4,0,11,10,10,True,False,True,False,False,True,True,False,False,False,False,False,False,True,False,False,True,False,False,False,False,True,False
369,18,0,4,4,3,2,0,0,1,1,0,0,1,1,1,3,2,2,4,2,5,10,14,12,11,True,False,True,False,False,True,False,False,True,False,False,True,False,False,False,False,False,True,False,False,False,True,False
370,19,1,3,2,2,2,2,0,0,0,1,1,1,0,1,3,2,2,1,1,3,4,7,7,9,True,False,False,True,False,True,False,False,False,True,False,False,False,True,False,False,False,False,True,False,False,False,True
371,18,0,1,2,3,1,0,0,1,1,1,1,0,1,1,4,3,3,2,3,3,3,14,12,12,False,True,False,True,False,True,True,False,False,False,False,False,False,True,False,False,False,True,False,False,False,True,False
372,17,1,2,2,1,3,0,0,0,0,1,1,1,0,1,3,4,3,1,1,3,8,13,11,11,True,False,True,False,False,True,False,False,True,False,False,False,False,False,False,True,False,False,True,False,True,False,False
373,17,0,1,2,1,1,0,0,0,0,1,1,1,1,0,3,5,5,1,3,1,14,6,5,5,True,False,True,False,False,True,False,False,True,False,False,False,True,False,False,False,True,False,False,False,True,False,False
374,18,0,4,4,2,3,0,0,0,0,0,1,1,1,0,5,4,4,1,1,1,0,19,18,19,True,False,False,True,False,True,False,False,True,False,False,False,True,False,False,False,False,False,False,True,True,False,False
375,18,0,1,1,4,3,0,0,0,0,0,1,1,1,0,4,3,2,1,2,4,2,8,8,10,True,False,True,False,False,True,False,False,True,False,False,False,True,False,False,False,False,False,True,False,True,False,False
376,20,1,4,2,2,3,2,0,1,1,0,0,1,1,1,5,4,3,1,1,3,4,15,14,15,True,False,True,False,False,True,False,True,False,False,False,False,True,False,False,False,True,False,False,False,False,False,True
377,18,0,4,4,1,2,0,0,0,1,1,1,1,1,0,5,4,3,3,4,2,4,8,9,10,True,False,False,True,False,True,False,False,False,False,True,False,False,True,False,False,True,False,False,False,True,False,False
378,18,1,3,3,1,2,0,0,0,1,0,1,1,1,1,4,1,3,1,2,1,0,15,15,15,True,False,True,False,False,True,False,False,True,False,False,False,True,False,False,False,False,False,True,False,True,False,False
379,17,0,3,1,1,2,0,0,1,1,1,0,1,1,0,4,5,4,2,3,1,17,10,10,10,True,False,True,False,False,True,True,False,False,False,False,False,True,False,False,False,False,False,False,True,True,False,False
380,18,1,4,4,1,2,0,0,0,1,1,0,1,1,0,3,2,4,1,4,2,4,15,14,14,False,True,True,False,False,True,False,False,False,False,True,True,False,False,False,False,False,False,True,False,False,True,False
381,18,0,2,1,2,1,0,0,0,0,1,0,1,1,1,4,4,3,1,3,5,5,7,6,7,False,True,True,False,False,True,False,False,True,False,False,False,True,False,False,False,False,True,False,False,True,False,False
382,17,1,2,3,2,2,0,0,0,0,1,1,1,1,0,4,4,3,1,1,3,2,11,11,10,False,True,True,False,False,True,False,False,True,False,False,False,False,True,False,False,False,False,True,False,False,True,False
383,19,0,1,1,2,1,1,0,0,0,0,1,1,0,0,4,3,2,1,3,5,0,6,5,0,False,True,True,False,False,True,False,False,True,False,False,False,False,True,False,False,False,True,False,False,True,False,False
384,18,0,4,2,2,1,1,0,0,1,0,1,1,0,0,5,4,3,4,3,3,14,6,5,5,False,True,True,False,False,True,False,False,True,False,False,False,True,False,False,False,False,False,True,False,False,True,False
385,18,0,2,2,2,3,0,0,0,1,0,1,1,0,0,5,3,3,1,3,4,2,10,9,10,True,False,True,False,False,True,True,False,False,False,False,False,True,False,False,False,False,True,False,False,True,False,False
386,18,0,4,4,3,1,0,0,1,1,1,1,1,1,1,4,4,3,2,2,5,7,6,5,6,True,False,True,False,False,True,False,False,False,False,True,False,False,False,False,True,False,False,False,True,True,False,False
387,19,0,2,3,1,3,1,0,0,0,1,0,1,1,0,5,4,2,1,2,5,0,7,5,0,True,False,True,False,False,True,False,False,False,True,False,False,True,False,False,False,True,False,False,False,True,False,False
388,18,1,3,1,1,2,0,0,1,1,0,1,1,1,0,4,3,4,1,1,1,0,7,9,8,True,False,False,True,False,True,False,False,False,False,True,False,False,True,False,False,True,False,False,False,True,False,False
389,18,1,1,1,2,2,1,0,0,0,1,1,1,0,0,1,1,1,1,1,5,0,6,5,0,True,False,True,False,False,True,False,False,True,False,False,False,True,False,False,False,True,False,False,False,True,False,False
390,20,1,2,2,1,2,2,0,1,1,0,1,1,0,0,5,5,4,4,5,4,11,9,9,9,False,True,False,True,True,False,False,False,False,True,False,False,False,True,False,False,True,False,False,False,False,False,True
391,17,1,3,1,2,1,0,0,0,0,0,0,1,1,0,2,4,5,3,4,2,3,14,16,16,False,True,False,True,False,True,False,False,False,True,False,False,False,True,False,False,True,False,False,False,True,False,False
392,21,0,1,1,1,1,3,0,0,0,0,0,1,0,0,5,5,3,3,3,3,3,10,8,7,False,True,True,False,False,True,False,False,True,False,False,False,True,False,False,False,True,False,False,False,False,False,True
393,18,0,3,2,3,1,0,0,0,0,0,0,1,1,0,4,4,1,3,4,5,0,11,12,10,False,True,False,True,False,True,False,False,False,True,False,False,True,False,False,False,True,False,False,False,True,False,False
394,19,1,1,1,1,1,0,0,0,0,0,1,1,1,0,3,2,3,3,3,5,5,8,9,9,False,True,False,True,False,True,False,False,True,False,False,False,False,False,False,True,True,False,False,False,False,True,False
395,18,1,4,4,2,2,0,1,0,0,0,1,1,0,0,4,3,4,1,1,3,6,5,6,6,True,False,True,False,True,False,True,False,False,False,False,True,False,False,False,False,True,False,False,False,True,False,False
396,19,0,1,1,2,1,1,0,0,0,0,1,1,0,0,4,3,2,1,3,5,0,6,5,0,False,True,True,False,False,True,False,False,True,False,False,False,False,True,False,False,False,True,False,False,True,False,False
